Simulation,Mean_Log_Wealth,Std_Log_Wealth,Slope_Log_Wealth,Time_to_Ruin,Peak_Wealth,Min_Wealth,Final_Wealth
1,7.909551021,0.372879439,0.000171393,,4944.256246,989.4729041,2415.321114
2,7.167889921,0.258611471,0.000749413,,2192.35574,644.9116827,1873.244146
3,6.852157098,0.356657032,-0.00059316,,2187.562451,522.1916498,931.2108473
4,8.559488371,1.178617163,0.003938522,,47784.14197,888.2763019,37116.34353
5,6.942928698,0.396471645,0.000102311,,1978.517208,427.1763738,1279.450957
6,7.637997941,0.474258687,0.001434564,,4713.855679,799.0059568,3536.271643
7,7.186361625,0.429361874,0.001335016,,3206.659752,615.3350406,2922.538548
8,7.373300339,0.299235905,0.000783122,,2615.432557,664.3449492,1996.133152
9,6.592537627,0.221435653,-0.000364976,,1415.487792,398.7064211,677.7544989
10,7.426620719,0.392715315,0.000853221,,4263.213619,753.2202669,1873.244146
11,7.224955424,0.29360766,-0.000249426,,2364.534048,644.7310641,769.5957416
12,7.209213216,0.250750164,0.000165157,,2399.148934,839.1023643,992.3003618
13,7.317250463,0.720795048,0.002348618,,6038.281311,504.9732818,5879.042584
14,6.880023344,0.178627233,-9.72E-05,,1552.028839,602.2533872,1548.135658
15,7.917549078,0.321431697,0.00055524,,4850.484409,1000,3318.566273
16,6.736502654,0.520957529,0.00077301,,1878.802118,272.2753055,1200.683438
17,6.872406147,0.38397434,0.000486393,,2947.677809,498.2218461,2573.771581
18,8.55269637,0.884770443,0.003007793,,30122.62693,969.7071624,27014.04186
19,6.316604659,0.46778165,-0.001196808,,1260.56004,241.6273011,560.127685
20,7.456200835,0.353970537,0.000400584,,3644.474331,832.3214076,992.3003618
21,7.315917453,0.496214107,0.001461211,,4412.557578,678.2212343,4278.888688
22,7.296684031,0.283309797,0.000151594,,3219.076562,956.6605212,1452.82696
23,7.935766875,0.700767077,0.001944464,,7488.131142,860.5176718,5177.455312
24,6.411819624,0.466783901,-0.000473053,,1281.7066,299.8179726,992.3003618
25,8.323164828,0.665364946,0.002083899,,9927.622023,977.5656311,4858.71288
26,7.40618124,0.430400299,0.001241481,,4278.888688,867.1000884,4278.888688
27,6.486912493,0.274443131,-0.000478546,,1203.394272,380.5764912,525.6442467
28,7.703569314,0.695672484,0.002314708,,8734.259707,594.2915973,8607.506248
29,7.519487048,0.397973026,0.000875519,,3443.979289,662.3513436,2415.321114
30,7.688144489,0.551865826,0.001796609,,6470.002591,828.9692184,3768.258972
31,6.721585643,0.258702892,-0.000606188,,1358.275149,428.3055227,992.3003618
32,8.717481736,1.102122223,0.003767087,,42145.90973,860.4808998,42145.90973
33,6.978983431,0.271538262,0.000455553,,1886.399626,588.9323126,820.0829436
34,7.932339136,0.867764576,0.0028468,,14974.29847,865.7055971,13428.98568
35,7.925547135,0.530967937,0.001678239,,6571.485229,883.3514534,3768.258972
36,7.664912038,0.592799022,0.001842378,,7447.569597,893.1904375,3768.258972
37,8.180088474,0.352207759,0.000842599,,7580.312323,1000,7580.312323
38,7.755239301,0.641945315,0.001862844,,7836.103287,644.5382326,3318.566273
39,7.75923833,0.356080314,0.000740217,,4909.565907,1000,2742.616754
40,6.662933225,0.250199629,0.00052224,,1384.770644,434.3053627,873.882219
41,7.012118239,0.323990461,0.000622611,,2626.121075,712.729917,1757.920621
42,8.277842505,0.817231362,0.002693672,,14016.57903,928.5574579,9172.177911
43,7.652851476,0.461079197,0.001118109,,5161.256783,983.0577496,1757.920621
44,7.141039301,0.530544762,0.001498562,,3689.181268,539.4999569,2573.771581
45,7.03725499,0.603609837,0.001812888,,3760.662952,404.491305,3536.271643
46,7.480258483,0.325218452,0.000826291,,4080.636863,937.5903063,2415.321114
47,7.98369174,0.593519529,0.001926148,,7056.456283,889.5930973,6264.720928
48,7.936845977,0.551745049,0.001776774,,5869.838599,896.3596173,5177.455312
49,7.111903522,0.439162078,0.001085284,,3768.258972,669.3981622,3768.258972
50,7.979438805,0.345930421,-0.000101009,,6250.489733,1000,2573.771581
51,7.916089115,0.451254025,0.001394766,,7232.976618,984.0290437,5879.042584
52,8.096108875,0.68293447,0.002304513,,16756.68006,1000,16249.07267
53,7.655644448,0.429337495,0.000933036,,6525.098932,1000,2573.771581
54,7.562270306,0.312654005,0.00015063,,3871.244201,1000,1873.244146
55,8.16447322,0.700265262,0.002332719,,12602.2499,973.6284683,12602.2499
56,7.824936655,0.433229402,0.001254612,,7070.709352,942.2313219,6264.720928
57,6.220945358,0.607824155,-0.001960987,,1429.135267,142.2379558,178.4739423
58,7.895395729,0.672705694,0.002222346,,8431.037916,733.3566947,8077.597767
59,6.849110219,0.200124827,0.000121081,,1719.331531,589.0329892,1363.385802
60,7.868354679,0.56336679,0.001698236,,5654.395886,790.9852152,4278.888688
61,7.307538537,0.213473198,0.000180191,,2381.139775,882.0062051,1363.385802
62,7.5948973,0.453303136,0.00141974,,4306.995543,758.1679659,3536.271643
63,7.31693308,0.447624792,-0.000689631,,2687.485599,542.8684976,722.21671
64,6.646365821,0.176106889,-2.15E-05,,1220.669036,530.0524973,931.2108473
65,8.29079174,0.691323595,0.002303058,,14403.33988,969.7071624,13428.98568
66,7.785073324,0.57282545,0.001830469,,5544.65425,713.312179,4015.46519
67,8.025776755,0.850180132,0.002847752,,10799.85942,786.2114695,8077.597767
68,8.862779772,1.07263107,0.003677871,,37454.1023,975.5950636,30674.66408
69,7.526659909,0.298869826,0.000561044,,4261.655388,1000,3768.258972
70,7.11742599,0.212707467,-0.000199498,,2132.939288,717.2583754,992.3003618
71,7.38897907,0.218344602,0.000305289,,2844.858814,896.8023247,2415.321114
72,7.799545998,0.673970097,0.002214608,,6908.37507,749.4782079,4559.593357
73,7.562778119,0.513988868,0.001659772,,4559.593357,803.8917408,4559.593357
74,7.783613361,0.317804072,0.000801537,,5339.194669,944.1344993,5177.455312
75,7.117489467,0.210014505,0.000372685,,1947.251217,716.5503995,1649.69682
76,7.988198582,0.438590013,0.001308645,,6421.435657,893.1904375,5517.107962
77,7.295541451,0.307781473,-3.31E-06,,2933.855185,721.0860374,1452.82696
78,7.314901827,0.35317766,0.000802363,,2894.506178,820.2425799,2742.616754
79,7.059979628,0.189099948,-2.93E-06,,1794.331869,741.3490034,1279.450957
80,7.753906292,0.677348435,0.002202002,,6705.719723,740.8247294,4278.888688
81,7.53326148,0.335408191,0.000751628,,3428.561835,866.1331647,2415.321114
82,7.489399119,0.29179946,0.000760286,,2965.448894,863.960516,2266.625417
83,7.51377415,0.385452951,0.001196107,,3657.561794,759.3243343,2573.771581
84,7.831030413,0.733181817,0.002387964,,9773.893298,642.6040641,9773.893298
85,7.593373861,0.581650213,0.00180212,,5213.592916,762.0511004,3536.271643
86,8.010478884,0.423005278,0.001142141,,5668.857548,874.4840178,3768.258972
87,7.3437837,0.243939128,0.000207063,,2391.642798,746.8921754,2127.083952
88,6.642239839,0.183960199,-0.00025859,,1182.904962,460.1216597,525.6442467
89,8.048057056,0.40724332,0.001040322,,8159.157481,1000,5177.455312
90,7.364984899,0.407928063,0.001150662,,3813.995397,888.7150169,3536.271643
91,7.010785229,0.322561324,0.000759222,,2275.499468,578.3582963,1452.82696
92,6.493450587,0.228901054,-0.000549924,,1189.449047,362.1103503,407.6725046
93,6.3857942,0.261031486,-0.000200899,,1126.765125,328.3444214,1126.765125
94,7.528500732,0.618436733,0.001520876,,10415.08256,767.1223672,10415.08256
95,8.022349016,0.309861889,0.000544471,,6007.512432,1000,3318.566273
96,7.053251104,0.311189299,0.000892969,,2264.194604,638.4105191,1757.920621
97,8.257085643,0.766900455,0.002512293,,14252.32357,862.6447981,12602.2499
98,6.544866668,0.327310901,-0.000631047,,1363.385802,372.6377828,1363.385802
99,7.857246267,0.87416482,0.002882387,,15480.91603,816.9390385,12602.2499
100,7.638442278,0.259990112,0.000693174,,3308.324959,915.5339862,2415.321114
101,7.756635787,1.035586276,0.003394598,,11415.84084,551.8338949,7113.641527
102,7.66694329,1.007260403,0.003257124,,11098.33527,481.5971617,11098.33527
103,7.171000277,0.448828166,0.000864805,,3846.802844,566.549399,3768.258972
104,7.527485105,0.581301444,0.001945266,,5755.669644,707.5779947,3536.271643
105,6.953592774,0.336412302,0.000704079,,2042.864056,550.4966961,1548.135658
106,7.489018259,0.636706866,0.002006327,,5677.989027,633.6183044,5517.107962
107,6.473582398,0.320449338,-0.00092162,,1195.541088,347.24331,462.9154421
108,6.996185601,0.522584504,0.001394928,,3548.66724,495.1515004,3114.263614
109,8.286157945,0.672197185,0.002120351,,15512.18535,977.5656311,14309.95718
110,7.493715531,0.32571202,0.000461919,,4636.082941,910.6525688,3768.258972
111,6.83717661,0.364582433,-0.000903851,,2219.681467,443.0148529,560.127685
112,6.631639239,0.231216092,-0.000481273,,1531.445573,484.8435111,560.127685
113,7.317440893,0.408265206,0.001189156,,3162.975983,689.5987534,1873.244146
114,7.656215738,0.442123645,0.001297656,,5893.575076,907.7258573,2266.625417
115,7.35343215,0.626073236,0.002002587,,5923.507263,609.7859873,5177.455312
116,7.18096611,0.603268654,0.001812225,,5331.063656,578.3335817,4015.46519
117,7.202992505,0.414633517,0.000783408,,3106.053429,590.147093,1057.397485
118,7.24298279,0.31180484,-0.000417446,,2625.896639,615.5191352,636.0295385
119,8.225156891,0.972436856,0.003295274,,18431.95423,772.0624007,11826.41089
120,7.641108297,0.296962583,0.000812753,,4394.785924,1000,4015.46519
121,7.167699491,0.265492552,0.000452944,,2165.602824,700.1292533,1757.920621
122,7.159637958,0.142072999,4.19E-05,,1778.952893,829.5204225,1200.683438
123,8.238169603,0.566375153,0.001573318,,9650.270627,942.2313219,6264.720928
124,7.365302282,0.369715339,0.000675942,,3232.370125,630.7279153,1200.683438
125,7.519296618,0.38891927,0.001257537,,4086.860707,789.3907547,3536.271643
126,7.312997528,0.293979249,0.000856014,,2520.897214,680.6276697,2266.625417
127,7.571601372,0.225282133,0.000387806,,3493.567012,919.2362264,2573.771581
128,6.584095234,0.498338471,0.001221349,,1701.231963,278.5238114,1649.69682
129,7.793325287,0.423629753,0.001190645,,5132.860693,856.5922313,2922.538548
130,6.981903357,0.265387384,-0.000780784,,1808.641181,593.2457185,722.21671
131,6.579397962,0.292213895,0.000352098,,1596.498116,366.081043,1548.135658
132,6.784554473,0.210121597,-0.00044114,,1490.195577,559.5030734,931.2108473
133,6.904906189,0.414686034,-0.000989713,,1884.296058,349.1941778,359.0220932
134,7.103841988,0.43478967,0.001159879,,3995.174567,558.3036534,3114.263614
135,7.984136077,0.749234785,0.002507585,,11098.33527,868.8143829,11098.33527
136,6.789759558,0.46571134,0.000156741,,3195.322247,387.5841849,1996.133152
137,7.744575225,0.614986757,0.001901097,,6675.700634,786.2114695,6675.700634
138,7.836806788,0.645286223,0.001786631,,11092.38254,889.5930973,8077.597767
139,7.009769603,0.179381588,0.000424561,,1814.627729,709.3573798,1279.450957
140,7.203246412,0.576959946,0.001551987,,5556.091113,676.9408606,4858.71288
141,7.45042446,0.633501726,0.00200719,,8032.81334,677.8864297,6675.700634
142,7.215370451,0.351436426,0.000669785,,4412.557578,793.9613796,4278.888688
143,8.199194944,0.655622231,0.002140859,,10936.80646,1000,5517.107962
144,7.995434919,0.741463331,0.002209762,,10017.5353,913.6884615,3114.263614
145,7.720834961,0.78932878,0.002576451,,14727.24123,542.729324,13428.98568
146,6.980379917,0.479888431,0.001239893,,2977.440589,405.9438505,1548.135658
147,7.752319376,0.306488127,0.000469537,,4186.31172,1000,1996.133152
148,7.048236449,0.367756943,0.000925552,,2491.897409,590.4385636,2415.321114
149,7.844614415,0.76968198,0.00252892,,7402.622103,512.1346414,6675.700634
150,7.131962141,0.241138808,-2.29E-05,,1907.410806,591.3896507,1126.765125
151,7.77739265,0.418104398,3.99E-05,,5119.547618,965.3248808,2127.083952
152,6.140456974,0.34224167,-0.000751302,,1345.189377,279.9264109,493.2837306
153,7.475243828,0.333459604,0.001003527,,3377.570833,810.4064478,2127.083952
154,8.231441079,0.633152608,0.002093792,,14667.927,959.4989621,14309.95718
155,7.476449884,0.178373408,0.00011349,,2840.526403,1000,1548.135658
156,7.767236387,0.328798693,0.00069798,,5066.303107,969.7071624,3768.258972
157,7.290653749,0.269101179,0.000175351,,2947.299942,787.2573637,873.882219
158,8.000132191,0.380658189,0.00107258,,6884.243916,969.7071624,6675.700634
159,7.524819086,0.672430209,0.002025656,,7160.369103,580.697064,5177.455312
160,7.779296949,0.68893236,0.002235683,,11755.03626,883.8255041,10415.08256
161,6.596409702,0.309970168,-0.000862539,,1256.669869,370.4046715,873.882219
162,7.023290128,0.344435075,0.000881353,,2184.697778,535.9334487,1873.244146
163,7.435507449,0.409944753,0.000679785,,4377.085846,663.3332241,4015.46519
164,7.464325845,0.474918618,0.001324857,,4061.674989,693.1603151,2742.616754
165,7.268563878,0.22907565,0.000633354,,3029.013374,915.5339862,1873.244146
166,7.442997693,0.528923609,0.001638538,,4997.499294,650.1380216,3536.271643
167,7.644155176,0.283612867,0.000784398,,3493.119166,942.2313219,2573.771581
168,7.405356044,0.402293123,0.000547866,,3309.817481,684.0844296,931.2108473
169,7.416972269,0.303707004,-0.000249271,,3468.313988,856.3523279,3114.263614
170,7.802148541,0.55154432,0.001546317,,9675.779044,899.6553702,9172.177911
171,6.951751951,0.329314725,0.000562628,,2953.631712,617.292639,2127.083952
172,7.22463804,0.232334299,-0.000380166,,2408.541828,857.6584485,1757.920621
173,6.887957925,0.38941104,0.000965723,,2638.155601,526.548444,2415.321114
174,7.697539032,0.394668167,0.000816705,,4713.855679,768.9529057,3768.258972
175,7.422558214,0.403355427,0.00108284,,5643.721287,834.8266047,5177.455312
176,6.904652282,0.207476962,-0.000155451,,1657.791875,601.6846393,992.3003618
177,7.847090004,0.580182301,0.001931106,,6939.736994,844.5781071,5177.455312
178,6.623514229,0.347376836,-0.000926693,,1711.894732,415.50055,560.127685
179,7.352353047,0.270826393,0.000550792,,2595.688945,907.7258573,2415.321114
180,7.578202943,0.557195206,0.00161404,,5250.880226,730.0737212,3318.566273
181,7.653105382,0.263507864,0.000713709,,3856.641412,911.846657,3536.271643
182,7.596928553,0.525180022,0.001704997,,4107.265935,617.823335,3114.263614
183,6.949911129,0.21551614,8.19E-05,,1734.68091,593.3865558,1057.397485
184,7.861753109,0.560322413,0.001857364,,7526.804995,844.5781071,5517.107962
185,7.582836738,0.535293414,0.001741038,,5099.364356,734.5066078,2742.616754
186,8.609381012,0.775485931,0.002578131,,19869.70808,915.5339862,9773.893298
187,5.769182088,0.354933429,-0.000855536,,1000,173.5587049,261.3036989
188,6.310955238,0.40583072,-0.000904005,,1408.395348,268.6120571,677.7544989
189,6.732186242,0.244973874,-0.000233731,,1285.839109,396.4789397,1057.397485
190,6.936517557,0.183287262,-7.42E-05,,1706.757577,659.4144138,820.0829436
191,7.817954225,0.485100749,0.001563953,,6932.887068,846.2840384,5879.042584
192,8.451133741,0.613938892,0.001936154,,10750.13409,946.0415208,8077.597767
193,7.336039549,0.334800273,0.000631039,,3064.394891,775.3169859,2742.616754
194,7.127010963,0.284705565,0.000258511,,1994.551033,545.5323511,1873.244146
195,7.484447941,0.738567495,0.002432342,,6842.696199,570.2221708,5879.042584
196,7.81179699,0.483263607,0.000852976,,5444.404446,1000,2127.083952
197,7.716010736,0.435381216,0.001390235,,5572.814344,918.3288865,3768.258972
198,8.288760488,0.803925131,0.002667762,,27801.78208,781.0807625,25350.96205
199,7.29896919,0.187264096,0.000285446,,2307.86845,955.6345631,1363.385802
200,7.919072517,0.598429723,0.001995894,,8355.007339,940.3319809,7113.641527
201,6.596282749,0.381558248,-0.000917443,,1587.171844,352.689856,722.21671
202,7.041571401,0.240163446,0.000239565,,2263.173593,632.395109,1873.244146
203,8.299361087,0.57847957,0.001850721,,10451.59027,1000,8607.506248
204,7.229652695,0.344485888,-0.000185187,,2830.483404,608.5307814,677.7544989
205,7.963252261,0.680745366,0.002133576,,8729.201943,893.1904375,5517.107962
206,7.43303186,0.483730858,0.001483702,,5221.991048,742.289372,4559.593357
207,6.893416916,0.327378019,-0.000817509,,2326.372489,465.7062864,820.0829436
208,7.969663402,0.624739547,0.00194155,,11520.21729,862.6447981,8077.597767
209,7.922119396,0.45203985,0.001307098,,5989.228788,971.6658372,4559.593357
210,7.758413133,0.544467481,0.001739848,,6598.622966,771.6812713,5517.107962
211,7.935005155,0.591621359,0.001880836,,13820.58025,969.7071624,12602.2499
212,7.360668487,0.42200345,-0.000464691,,3737.168045,520.3676193,560.127685
213,7.283671319,0.489582202,0.001440328,,4191.164285,724.2357424,3114.263614
214,7.380727106,0.371549881,0.001089101,,3768.258972,807.5066569,3768.258972
215,7.034969831,0.33536188,-0.000494495,,2018.107833,568.6567992,722.21671
216,7.664277271,0.491264637,0.001557187,,5045.898482,932.8126879,4559.593357
217,7.094574398,0.206701367,-2.62E-05,,2051.78729,781.8859084,931.2108473
218,7.201722972,0.495402329,0.001548162,,3155.311489,580.6722494,2742.616754
219,7.755556684,0.517340957,0.001256232,,5648.57328,897.7267575,2922.538548
220,6.798328905,0.244343999,0.000146664,,2118.517083,531.9559384,1996.133152
221,6.736312224,0.299273604,-0.000610829,,1700.723145,436.9984124,1200.683438
222,7.598959806,0.375691005,0.000870022,,4061.848561,946.0415208,3114.263614
223,6.472630248,0.207925626,-0.00016279,,1072.072397,379.2795409,560.127685
224,7.869751166,0.32661935,0.000914354,,5306.971617,1000,4559.593357
225,7.296810984,0.260441871,-4.09E-05,,2699.455244,793.9274518,1548.135658
226,7.302396928,0.626114416,0.001957082,,5620.9911,509.8419993,5177.455312
227,7.164271753,0.205410266,-0.000206633,,2135.229187,822.1101187,2127.083952
228,6.815658028,0.392818608,-0.001070604,,2087.148279,358.2983799,382.5747456
229,8.338716606,0.740260953,0.002233955,,10196.51987,870.962018,6264.720928
230,7.600165862,0.502258022,0.001661095,,4713.654245,941.7661884,4559.593357
231,6.92794821,0.319837327,-0.000388362,,2167.835149,508.1479584,636.0295385
232,7.104349802,0.345675526,0.000424698,,2346.483886,651.9400951,677.7544989
233,7.791167081,0.506697586,0.001604771,,5346.881084,916.9695558,4015.46519
234,8.041582439,0.527192078,0.000664818,,9329.456009,940.3319809,2922.538548
235,7.588676589,0.409973576,0.001272088,,5317.690968,940.3319809,5177.455312
236,7.389423406,0.389299683,0.001251481,,3775.708984,814.4875195,2922.538548
237,7.58696272,0.540282854,0.001683679,,8077.597767,809.537338,8077.597767
238,6.576351083,0.192814712,-0.00051379,,1104.471783,407.873852,525.6442467
239,7.955063774,0.410326587,0.000900968,,6041.263587,940.3319809,5517.107962
240,7.162875267,0.258173967,0.000120788,,2145.380826,665.471959,2127.083952
241,7.635712782,0.34506122,0.000928331,,3624.733022,946.0415208,3318.566273
242,7.959570616,0.559397377,0.001737037,,7587.801926,1000,5879.042584
243,7.695761686,0.397349889,0.00122485,,4709.001593,829.378642,3536.271643
244,6.598821815,0.445528978,-0.001092662,,1459.110556,259.5762812,820.0829436
245,7.466928388,0.658715125,0.002144506,,7113.641527,625.6576106,7113.641527
246,8.237598313,0.932236653,0.003118986,,16069.39348,691.0211768,10415.08256
247,6.859139529,0.290237063,-0.000178215,,1696.054326,435.0421281,1452.82696
248,6.835081881,0.278103359,0.000518306,,1730.551399,538.9444076,1279.450957
249,7.170111604,0.25077779,0.000403953,,2633.800303,784.6266318,873.882219
250,7.222987648,0.511792806,0.001601799,,3484.654672,664.3733395,1996.133152
251,7.841757966,0.426740392,0.001294211,,7785.631347,857.4385732,7113.641527
252,8.393369996,1.040243403,0.003312729,,16191.62226,740.4273789,13428.98568
253,7.285575618,0.602466188,0.001582585,,6356.974715,736.748876,4559.593357
254,8.073574667,0.333113942,0.000634111,,5178.905754,1000,4278.888688
255,6.903954039,0.278880106,0.000499332,,1683.938421,584.7752023,992.3003618
256,6.974793973,0.304902965,0.000687989,,2323.22676,601.5818002,1363.385802
257,8.248325866,0.589974081,0.001844156,,9306.848959,1000,6264.720928
258,6.993265676,0.23252451,-7.88E-05,,2226.362468,622.9632431,1363.385802
259,7.55046365,0.320861079,0.000863537,,4559.593357,911.846657,4559.593357
260,7.45175747,0.784111081,0.002455894,,5068.588726,504.2042624,4858.71288
261,7.356605982,0.602829205,0.001920211,,6252.092563,609.184093,5879.042584
262,8.258862989,0.444221358,0.001229382,,10079.22152,1000,9773.893298
263,7.418178326,0.292489567,0.000724274,,3092.280888,830.643622,1757.920621
264,6.671566048,0.270761228,-0.000803654,,1467.844577,433.5410397,434.4167328
265,8.062783638,0.522551128,0.001633339,,10589.80107,1000,9773.893298
266,8.433868094,0.725430189,0.002398421,,14462.20217,949.3982245,14309.95718
267,8.068813919,0.708867103,0.002230594,,9931.676361,809.137709,6264.720928
268,5.923049471,0.494123324,0.000420603,,1233.204941,180.1562076,1200.683438
269,7.230858751,0.287406257,0.000350397,,2348.044127,735.9587593,2127.083952
270,7.995244489,0.809966657,0.00273164,,15645.61896,759.3243343,12602.2499
271,7.149354742,0.245219303,0.00056135,,2002.873359,727.4924638,1548.135658
272,7.155575453,0.333283618,-0.000182316,,2923.607144,641.4731614,931.2108473
273,6.957337896,0.313249849,0.000360755,,2208.842685,563.4082931,820.0829436
274,7.343339363,0.269190549,0.000680769,,3318.566273,841.5920066,3318.566273
275,7.397802323,0.528379038,0.001660172,,4957.325325,668.3787416,2266.625417
276,7.9927689,0.656294701,0.00219756,,9597.587106,911.846657,6264.720928
277,7.557255651,0.564193415,0.001797534,,5264.309857,792.2254906,4278.888688
278,7.545512472,0.549915946,0.001651984,,4117.418747,688.2674882,2922.538548
279,7.695063443,0.465443215,0.000978891,,5499.846772,862.2189526,1649.69682
280,8.356680496,0.833343757,0.002807887,,15026.78747,913.6884615,12602.2499
281,6.669725225,0.294191519,-0.000150217,,1486.521024,441.2117479,820.0829436
282,6.628338454,0.313192536,-0.000757392,,1473.115669,375.8592215,525.6442467
283,6.888973551,0.228909653,0.000454614,,1881.748105,635.9208292,1649.69682
284,8.046914477,0.738122446,0.002358814,,11063.61229,894.1111472,5879.042584
285,7.45988248,0.460815867,0.001363666,,4047.487441,689.6282229,2922.538548
286,8.319990996,0.577334598,0.001830582,,13094.22512,973.6284683,10415.08256
287,7.663071215,0.547826328,0.001742192,,6312.102589,878.4539096,4858.71288
288,6.796297652,0.317188522,-0.000504742,,1874.534155,475.8829801,1757.920621
289,7.657739177,0.653960784,0.002128272,,5609.660359,645.5212913,4858.71288
290,8.055420347,0.835099503,0.002740595,,16199.61921,946.0415208,7580.312323
291,7.096351745,0.279989667,0.000705933,,2096.981711,618.7920902,1452.82696
292,7.403959558,0.394840958,0.000868217,,3311.452183,815.7646468,1649.69682
293,6.878372952,0.350205653,0.000656971,,2265.409684,486.2404975,1452.82696
294,7.513647197,0.693954732,0.002231885,,6522.435237,632.6263378,4559.593357
295,6.957083989,0.378241588,-0.00084971,,2323.976911,546.3877531,1452.82696
296,7.097494324,0.157999216,0.000199569,,1801.433827,693.4433946,1200.683438
297,7.734545915,0.468052572,0.00141457,,5494.887712,795.3951047,5177.455312
298,8.185230082,0.675763895,0.002261421,,10104.13649,940.3319809,6675.700634
299,7.961347962,0.750297196,0.00247546,,9061.413097,845.9024169,7580.312323
300,7.948589156,0.594950694,0.001861966,,6102.523158,822.7114211,4278.888688
301,8.709928015,0.864508037,0.002874984,,20153.21588,951.7857281,18450.95407
302,7.248060922,0.346438073,0.000737464,,3768.258972,757.9232386,3768.258972
303,6.867835829,0.18053912,-0.000108324,,1565.951536,608.0860192,722.21671
304,8.392227416,0.725070774,0.002404767,,13701.5404,922.9534376,9773.893298
305,8.121182149,0.765246308,0.002538852,,13516.61941,915.5339862,6264.720928
306,7.282655692,0.473175011,0.000386964,,3567.841804,516.0300958,677.7544989
307,7.822524543,0.515387404,0.001702256,,7251.165779,882.0062051,5879.042584
308,6.475042361,0.25652762,0.000178002,,1229.451727,357.1468584,677.7544989
309,6.883958896,0.233041138,0.000514424,,1932.634218,556.6044767,873.882219
310,7.643964746,0.348586973,0.001030685,,4248.322091,917.3832387,3318.566273
311,8.690440686,0.989039285,0.003261768,,23586.36413,815.6949292,14309.95718
312,8.071860798,0.576075272,0.001857426,,9153.688721,969.7071624,8607.506248
313,7.816367309,0.373302865,0.000856975,,4970.216551,911.846657,4559.593357
314,6.686990872,0.263915816,0.000409476,,1345.47683,419.6600014,992.3003618
315,7.836172021,0.42126074,0.001313429,,5486.519595,969.7071624,5177.455312
316,6.24132136,0.424300323,-0.000890043,,1591.231189,244.3081646,434.4167328
317,7.886191616,0.576729613,0.001889039,,7357.945875,794.1838045,4858.71288
318,7.552114043,0.894065811,0.002887593,,13428.98568,513.4444751,13428.98568
319,7.998672228,0.776136627,0.002613917,,11410.20539,851.0022292,7113.641527
320,7.126566627,0.302528968,-0.000359744,,2782.409741,710.1796316,1363.385802
321,7.814653439,0.547908997,0.001532786,,6617.918469,941.7661884,4278.888688
322,8.09185594,0.470623114,0.000927816,,6762.53436,969.7071624,3536.271643
323,6.807279111,0.314649103,-0.00047673,,1743.490978,373.5748754,596.873314
324,7.956587214,0.538105449,0.001743038,,6678.997728,807.9054803,4278.888688
325,7.306269004,0.271474197,0.000249733,,3114.263614,704.5308406,3114.263614
326,7.82087415,0.452622168,0.001339664,,6382.681076,769.7455501,5177.455312
327,7.289828553,0.553387267,0.001306327,,3618.748995,559.9840868,1363.385802
328,8.328496866,0.772670248,0.002554265,,17315.04818,940.3319809,17315.04818
329,7.174364539,0.295437002,0.000292687,,2454.102657,711.1412395,1649.69682
330,7.707631819,0.925577448,0.003061191,,14222.98606,626.9213527,9773.893298
331,7.407895109,0.506525548,0.001320723,,4475.134971,543.3119919,2573.771581
332,7.662880785,0.340421412,0.000311859,,4670.348418,1000,1548.135658
333,6.698226238,0.290645935,0.000322129,,2266.625417,514.7796565,2266.625417
334,7.137928946,0.25293308,0.000705874,,2409.159457,724.5934387,1452.82696
335,8.088110818,0.713261367,0.002268143,,9329.854696,863.960516,7113.641527
336,7.559604287,0.630596042,0.001841144,,9773.893298,854.0582146,9773.893298
337,7.642441306,0.698690322,0.002267052,,6866.681717,815.3271014,5517.107962
338,7.394184155,0.294195331,0.000445869,,3367.003541,886.0859729,2127.083952
339,6.949974605,0.27724493,0.000273716,,2278.039764,584.5864441,1452.82696
340,6.954544924,0.12772086,-0.000161466,,1449.898365,761.3965162,1363.385802
341,6.683372704,0.252882113,0.00026488,,1757.920621,478.4747718,1757.920621
342,6.771732191,0.282413219,0.000568036,,1786.451968,479.9149289,1363.385802
343,6.447239591,0.395435672,-0.001103776,,1373.345261,278.9724616,596.873314
344,6.989774461,0.200059039,-1.42E-05,,1667.034373,647.5195792,1363.385802
345,8.094839342,0.821652854,0.002685212,,12060.48314,776.7502356,7580.312323
346,7.074896639,0.270691351,0.000651761,,2075.842659,502.6697352,1452.82696
347,7.931577416,0.480890234,0.001333283,,7817.114915,854.4435155,7580.312323
348,7.470229173,0.660176275,0.00192236,,11098.33527,820.3126863,11098.33527
349,7.043983514,0.33423496,0.000934975,,2214.397383,624.1148519,1452.82696
350,7.246474006,0.289467894,0.00054078,,3076.786704,801.4793748,2742.616754
351,7.357050318,0.502299794,0.001583153,,6264.720928,802.6332012,6264.720928
352,7.653867102,0.644348002,0.002171599,,6476.671934,763.5577085,5517.107962
353,7.440331674,0.210057272,0.000485065,,2682.297428,1000,1996.133152
354,7.097240418,0.18476556,3.47E-05,,2005.02362,749.8804155,992.3003618
355,7.381806209,0.22187437,0.000457744,,2652.637087,911.3965229,1757.920621
356,6.984378946,0.233549835,0.000333369,,1654.450114,473.6311691,820.0829436
357,8.011050173,0.704522581,0.002338975,,9093.564412,858.3224295,6675.700634
358,7.806020616,0.418743117,0.001336227,,6675.700634,946.0415208,6675.700634
359,7.306205527,0.402990775,0.001050276,,3981.04918,778.7701278,2573.771581
360,7.130184795,0.341986869,0.000852561,,2808.089647,591.6311682,1548.135658
361,7.568744923,0.724756869,0.002167148,,5042.976544,566.2213263,3768.258972
362,6.947499016,0.204690107,0.000400073,,1662.173892,672.1050773,1057.397485
363,7.53326148,0.44424022,0.001435147,,4227.216085,808.3390429,2573.771581
364,7.931196556,0.562068738,0.001802295,,8858.504558,911.846657,8607.506248
365,7.380600153,0.459574169,0.001230185,,5374.266386,810.8760032,4559.593357
366,6.954671877,0.241914106,-0.000317747,,2117.88346,621.6543467,1279.450957
367,7.045887813,0.356331866,0.001034546,,2387.331785,544.9240151,1873.244146
368,7.397802323,0.167252228,-0.000201649,,2573.771581,1000,2573.771581
369,7.908725825,0.567649248,0.001366247,,8170.554411,859.1704809,3318.566273
370,8.618204266,0.80232653,0.002697297,,21702.86235,969.7071624,15248.72238
371,7.934687772,0.848030425,0.002740564,,11192.84492,884.2620209,5517.107962
372,7.562397259,1.079010843,0.003544333,,15248.72238,439.3784279,15248.72238
373,7.047538206,0.233820453,0.000316641,,2023.269338,696.591417,1200.683438
374,8.068052199,0.729776753,0.002395107,,9690.122578,1000,6675.700634
375,7.324423324,0.675633855,0.002125492,,6102.523158,606.1058133,5177.455312
376,6.748055403,0.400556818,0.001060042,,1914.096801,380.543966,1452.82696
377,6.947816399,0.287169825,0.000828286,,1790.944456,443.5767977,1548.135658
378,8.702945585,0.770441673,0.002433756,,23023.08913,1000,22325.65443
379,6.626116771,0.289903133,-0.000703595,,1373.40395,406.2311328,493.2837306
380,7.265326569,0.256880441,0.000750921,,2325.522186,759.3892339,1452.82696
381,7.828618301,0.357807386,0.000742708,,3998.438409,942.2313219,2742.616754
382,7.231874378,0.262658606,0.000725912,,2396.985688,670.7502542,1548.135658
383,7.469848313,0.250008837,0.000693752,,3444.71523,1000,3318.566273
384,7.521708731,0.559506007,0.001609612,,4699.308411,668.4358681,3318.566273
385,7.505903047,0.47557399,0.001577009,,4960.197636,589.8053555,4559.593357
386,7.069310694,0.39777224,0.001178711,,3211.550594,482.8082603,3114.263614
387,7.191566709,0.325010982,0.000886664,,2654.174045,640.6756998,2573.771581
388,8.428536056,0.948621957,0.002960273,,30612.83038,1000,28786.22343
389,7.998418321,0.638433849,0.001924659,,7552.865734,731.8784012,4015.46519
390,8.01244666,0.676526564,0.002247508,,16183.62924,873.1522737,15248.72238
391,7.396024977,0.491975778,0.001534284,,5339.194669,825.2934889,5177.455312
392,7.982104824,0.542136383,0.001682625,,9024.918096,915.5339862,4278.888688
393,7.374379442,0.36303651,0.000924993,,3060.846909,724.9203328,1757.920621
394,7.453027003,0.350314887,0.00031407,,4321.354012,843.2919065,1649.69682
395,7.272880289,0.351430406,0.000979272,,2542.798929,635.2116989,2266.625417
396,7.944209268,0.613016222,0.00199895,,8555.558316,969.7071624,7580.312323
397,7.943003212,0.743385863,0.00248687,,12839.54112,772.0624007,12602.2499
398,6.484309951,0.291644918,-0.000390642,,1360.902361,311.8569179,931.2108473
399,6.190540046,0.619998704,-0.001832434,,1624.467503,177.92316,462.9154421
400,8.953297465,0.738456266,0.002418793,,23420.87534,1000,17315.04818
401,7.069755031,0.290663962,0.000225262,,2341.653797,570.5038006,1548.135658
402,8.378579938,0.628255814,0.001989367,,14309.95718,973.6284683,14309.95718
403,6.867899306,0.390706405,-0.000307078,,1812.371834,377.5493739,769.5957416
404,8.433677664,0.744616068,0.002356297,,16966.98694,873.1522737,15248.72238
405,6.852030145,0.51489673,0.00062106,,3114.263614,387.3762993,3114.263614
406,8.067036573,0.911594075,0.003057793,,12532.37955,861.3678921,9773.893298
407,7.630634651,0.598693439,0.001728034,,4278.888688,470.5403177,4278.888688
408,7.236762079,0.323085906,0.000813442,,2835.406264,635.4982692,2415.321114
409,6.750721422,0.181008195,-0.000189248,,1284.40524,563.9167613,677.7544989
410,7.029828222,0.403101533,0.00109749,,2709.612226,548.5503534,2573.771581
411,8.070273882,0.469266147,0.001483106,,8246.315915,1000,8077.597767
412,6.435750318,0.30866386,-0.000855836,,1213.094691,287.4156449,493.2837306
413,8.283301496,0.91815174,0.003110385,,19650.83231,835.6871523,11098.33527
414,7.530214601,0.437403934,0.001386674,,4291.767678,838.2741213,3536.271643
415,8.634517763,0.947688806,0.003036477,,18834.73246,887.8378033,11826.41089
416,8.334717577,0.710504546,0.002386166,,13421.78288,871.3921817,12602.2499
417,6.478343146,0.505927955,-0.001559858,,1815.954972,294.1568206,434.4167328
418,6.695750649,0.375669033,-0.001105545,,1544.552845,382.1807898,525.6442467
419,7.953730765,0.538290269,0.001687102,,7070.709352,973.1478356,6264.720928
420,6.999930723,0.225289921,0.00021892,,1714.945393,658.4101973,931.2108473
421,7.348925308,0.415184128,0.000995658,,4559.593357,653.7067894,4559.593357
422,7.943130165,0.912430623,0.003053732,,14623.2857,710.0885925,9172.177911
423,8.563868259,0.804134734,0.002645409,,15355.8116,1000,11826.41089
424,7.223622414,0.220044731,0.000405279,,2756.428115,876.3626974,1649.69682
425,7.648471587,0.545539202,0.001771199,,6558.799025,899.5400418,3768.258972
426,8.034980868,0.649416714,0.001975897,,7729.68372,701.1671364,3768.258972
427,6.727171587,0.252870185,-0.000436754,,1452.516572,461.7147807,873.882219
428,7.152020761,0.176244452,-0.000315035,,1830.6714,837.1763784,992.3003618
429,7.601943208,0.677554051,0.002124215,,6013.705036,660.7181047,3114.263614
430,7.289638123,0.239339923,0.000599004,,3059.728151,928.1387361,2573.771581
431,7.556684361,0.299333856,0.000751551,,4425.271541,957.5648132,2742.616754
432,7.880034382,0.701222906,0.00230975,,7295.193655,785.0141549,4559.593357
433,7.29782661,0.476180473,0.001496162,,4296.008089,576.5734446,2127.083952
434,6.343836139,0.310445829,-0.00090489,,1107.249259,279.2838977,336.9194253
435,7.740258813,0.533602402,0.001623484,,5338.966513,673.4626369,5177.455312
436,7.310458462,0.501287886,0.001339459,,3672.509192,524.4501718,2742.616754
437,6.896527272,0.446807969,0.001187667,,2415.321114,462.5683058,2415.321114
438,6.179241203,0.472142397,0.000397337,,1548.135658,225.3641187,1548.135658
439,6.638367764,0.374604844,0.000738966,,1544.948918,384.8154451,1057.397485
440,6.75662475,0.418378216,0.001025057,,2158.314989,419.0388114,1279.450957
441,8.661495337,0.755698857,0.002433226,,23670.05225,1000,17315.04818
442,7.249520885,0.388930904,0.001176184,,2714.85323,706.9097819,2266.625417
443,7.544052509,0.406906641,0.001273639,,4516.051687,940.3319809,3768.258972
444,7.177284465,0.241322021,0.000559791,,2573.771581,910.5358307,2573.771581
445,7.160145771,0.220289275,9.56E-05,,2194.521861,793.0760146,1649.69682
446,6.61310406,0.286246194,-0.000807775,,1359.559071,409.9278366,636.0295385
447,7.270341224,0.717043551,0.00176321,,7538.284983,565.9901817,6675.700634
448,8.180024998,0.382272611,0.000723835,,6554.160713,969.7071624,4858.71288
449,7.119711149,0.342914628,0.000759213,,2564.562129,711.6445068,1873.244146
450,7.959507139,0.740447676,0.002423134,,8439.728715,760.4824664,6675.700634
451,7.186805961,0.296616884,0.000694711,,2608.537449,638.4105191,2266.625417
452,7.780629958,0.467393919,0.001500165,,5355.265066,889.5930973,3768.258972
453,7.598959806,0.40157104,0.001258189,,4414.736917,762.3948931,4278.888688
454,8.439707945,0.687290899,0.002276245,,18988.99124,969.7071624,18450.95407
455,7.426366813,0.306020536,0.000631938,,3707.442494,789.3907547,1757.920621
456,8.164346267,0.620042051,0.00208837,,9641.569243,947.9523942,8077.597767
457,7.502475308,0.451813266,0.001420988,,5428.762477,759.7318258,4015.46519
458,6.866566296,0.287811832,-4.80E-05,,1662.639543,511.7165965,1363.385802
459,6.873612203,0.175991267,-0.000165824,,1584.822477,625.5091139,1126.765125
460,7.293065862,0.442964469,0.001247471,,3771.820953,812.9498966,2573.771581
461,8.253340521,0.719012655,0.002283542,,10642.67473,734.8379741,5879.042584
462,8.410699119,0.729066153,0.002468552,,19601.53925,911.846657,14309.95718
463,8.072178181,0.759493878,0.001553436,,11659.04492,756.6719924,2266.625417
464,7.48806611,0.397794574,0.001073348,,4396.768594,921.0929568,4015.46519
465,8.303169686,0.710917447,0.002225777,,21968.15359,812.4097034,18450.95407
466,6.930106416,0.256409555,-0.000127104,,1765.825586,568.0226766,873.882219
467,6.628528884,0.277963238,5.98E-05,,1344.64024,384.5926093,1057.397485
468,8.372359227,0.714400001,0.002439678,,17315.04818,1000,17315.04818
469,6.754530021,0.286954269,-0.000196294,,1425.02931,493.2837306,493.2837306
470,7.465722331,0.524841798,0.001666032,,5643.721287,661.3426545,5177.455312
471,6.534773882,0.378834045,-0.001233007,,1485.72371,275.6506556,296.7124737
472,7.284433038,0.253048792,0.000616184,,2907.522106,847.5748027,2127.083952
473,8.229473303,0.739475288,0.002496112,,18009.55015,1000,14309.95718
474,7.936719024,0.454052796,0.001424145,,6127.200567,973.1478356,4278.888688
475,7.907900628,0.718800225,0.002425406,,12387.68065,867.4542031,11098.33527
476,7.753144572,0.730761889,0.002277115,,7280.17696,770.9525215,4858.71288
477,6.23281549,0.282134579,-0.000714451,,1000,285.6932453,382.5747456
478,6.604344283,0.326920933,0.000243969,,1643.052637,433.2714728,1452.82696
479,7.714931633,0.47063323,0.0015401,,5306.971617,781.4665342,4858.71288
480,7.592294758,0.607543399,0.002012938,,6229.987589,746.4596712,4559.593357
481,7.277704514,0.243959039,0.000577965,,2997.12666,848.4122351,2922.538548
482,6.03387969,0.509403952,-0.001444019,,1353.357144,196.6165675,261.3036989
483,6.985394572,0.200624542,-8.86E-06,,1745.139028,646.3247843,1057.397485
484,7.772695378,0.399375707,0.001288043,,5879.042584,981.5187151,5879.042584
485,7.295858834,0.581646612,0.001790637,,4790.56706,561.4163,4559.593357
486,7.949541306,0.639753863,0.001986921,,7519.375599,704.002519,7113.641527
487,7.725976569,0.669889723,0.002231438,,8350.526028,711.874291,4559.593357
488,6.678167619,0.306423869,0.000725011,,1713.252642,431.25815,1452.82696
489,7.564174605,0.727048435,0.002324357,,8000.119163,756.7043282,4559.593357
490,7.783676837,0.272414293,0.000301911,,4193.055092,971.6658372,1873.244146
491,7.406308193,0.538466299,0.001674495,,4229.123157,751.734056,2573.771581
492,7.815161252,0.379264651,0.001101553,,5127.79426,969.7071624,3318.566273
493,8.033140045,0.684118112,0.002297954,,11064.5579,911.846657,8077.597767
494,6.677278946,0.317104983,-0.000477456,,1370.017383,353.4173433,1363.385802
495,7.509584692,0.575663998,0.001839175,,4848.918732,452.1715546,4559.593357
496,6.887767495,0.458819465,0.001151521,,2189.110567,419.2636886,1996.133152
497,7.523676507,0.668396871,0.002006857,,8594.397952,719.8033207,5517.107962
498,8.005781612,0.557328399,0.001263973,,7052.068724,940.3319809,2742.616754
499,7.687890583,0.44544492,0.001036445,,4293.153455,758.5748368,3318.566273
500,6.678294572,0.35580736,-6.79E-05,,1472.703098,334.1538697,1363.385802
501,8.218047507,0.621910911,0.002054066,,11307.30887,1000,11098.33527
502,7.873242381,0.407846728,0.000641233,,5030.11155,853.5636535,2922.538548
503,7.439887338,0.525111304,0.001533632,,5048.390625,774.8680217,3536.271643
504,6.347136925,0.264130427,-0.000605613,,1041.740639,324.8601423,462.9154421
505,7.875083204,0.305423288,0.000748515,,4593.489786,1000,3318.566273
506,7.320614725,0.447518111,0.00134923,,3521.878742,794.2856253,3114.263614
507,7.447631488,0.412390493,0.001339287,,3648.386996,869.206341,2922.538548
508,7.223558938,0.417436303,0.001211601,,4015.46519,744.2196508,4015.46519
509,7.194423158,0.430033832,0.001096554,,3993.031706,727.9450851,1548.135658
510,6.444319665,0.276688565,9.77E-05,,1187.637645,368.8813317,931.2108473
511,7.208070637,0.391756197,0.000590841,,3071.838541,695.5603069,1126.765125
512,7.413861914,0.585060928,0.001886768,,4858.71288,673.7952566,4858.71288
513,8.055864684,1.008859787,0.003363082,,16849.38162,744.9549649,8607.506248
514,7.669736263,0.969286877,0.003100343,,11249.69095,512.9376754,6264.720928
515,7.401737875,0.434986221,0.001271503,,4015.46519,712.2867562,4015.46519
516,7.535864022,0.456364738,0.001395127,,4374.738142,945.148111,3114.263614
517,7.554589632,0.349652248,0.001019697,,3768.258972,1000,3768.258972
518,7.2617084,0.303140483,0.000917865,,2732.919926,667.3608735,2415.321114
519,7.587597486,0.314084525,0.000919117,,4522.939632,969.7071624,4015.46519
520,7.483305362,0.592020502,0.001624298,,6331.371887,583.3332522,5879.042584
521,7.445600236,0.332649322,0.000953245,,4122.015303,928.0990745,2922.538548
522,7.167762968,0.394646122,0.001081851,,2869.943031,523.3706243,2415.321114
523,6.994725639,0.133730103,-7.42E-06,,1562.661344,734.6007775,769.5957416
524,7.369174357,0.663248512,0.001973678,,5314.838759,542.1936185,3114.263614
525,7.392724192,0.45216002,0.001098703,,3456.346765,681.3001527,1649.69682
526,6.1887627,0.26355724,-0.00026762,,1000,281.6260776,596.873314
527,7.161923117,0.325762399,0.001002536,,2442.119188,679.2556668,2415.321114
528,7.574965634,0.635275135,0.002016678,,8151.103916,711.5228735,5517.107962
529,7.455819975,0.51043123,0.00168266,,4843.925565,712.9600517,3318.566273
530,7.124662327,0.277254446,0.00058001,,2965.57562,759.3243343,2742.616754
531,8.405367081,0.831210686,0.002788376,,19434.36758,884.2242343,16249.07267
532,6.80029668,0.333986896,0.000292896,,1972.111774,450.8531827,1873.244146
533,7.077753088,0.190731997,-7.98E-05,,1978.855431,772.9243067,873.882219
534,6.679246722,0.300690157,-0.000596727,,1547.804908,346.2160763,407.6725046
535,6.765574957,0.460217561,0.001374611,,2527.452655,410.8709058,2127.083952
536,7.115902551,0.289878307,0.000712032,,2922.538548,629.1726541,2922.538548
537,7.768823303,0.484736945,0.000918795,,6034.268963,790.9852152,2742.616754
538,7.61400377,0.254755442,0.000755018,,3685.539831,889.5930973,3318.566273
539,7.435126589,0.56736652,0.001820884,,6887.644009,663.034102,6264.720928
540,6.639129483,0.275095659,0.00045658,,1469.671632,460.76437,1126.765125
541,8.039741616,0.573579202,0.001818433,,8464.769647,893.1904375,5517.107962
542,7.655200111,0.50117921,0.001552195,,5428.762477,1000,4858.71288
543,7.815859495,0.783932751,0.002540717,,8729.574979,592.4828926,5517.107962
544,7.464325845,0.336643552,0.000606064,,3413.359261,795.3951047,1649.69682
545,7.713535147,0.582611459,0.001877807,,7676.434066,822.3404293,6675.700634
546,7.09114666,0.313676701,-0.000141519,,2298.475246,600.1753456,1126.765125
547,7.055790169,0.430092462,1.31E-05,,2785.277877,546.0246865,873.882219
548,8.829962348,0.770653947,0.002497443,,27014.04186,969.7071624,27014.04186
549,8.110264167,0.584948753,0.00189438,,11502.67325,874.915921,8607.506248
550,7.315853977,0.317875326,0.000214697,,2860.71943,840.7613062,2742.616754
551,6.452254246,0.325753793,-0.000592,,1522.137961,379.0599108,560.127685
552,8.053198664,0.678330806,0.002258501,,11227.4937,863.960516,6675.700634
553,7.840424956,0.470154098,0.001464519,,5374.266386,1000,4278.888688
554,7.338451662,0.544411168,0.001750507,,5130.546092,581.8451273,4559.593357
555,6.67435902,0.38882747,-0.000934593,,1665.926653,342.7113291,931.2108473
556,8.041645915,0.534417067,0.001670379,,8598.27524,915.5339862,4278.888688
557,7.562714642,0.431737274,0.001078672,,4739.731195,706.1516657,4278.888688
558,7.378822807,0.238578362,0.00047673,,2682.412054,963.8959855,1996.133152
559,6.054573076,0.369807135,-0.000470177,,1206.96478,222.98216,525.6442467
560,7.896982646,1.003103935,0.00334576,,13848.49592,539.4538497,13428.98568
561,7.180331343,0.262100795,0.000494173,,2218.87016,764.3447915,1548.135658
562,6.781761501,0.334548051,0.000742392,,2485.752839,465.6266885,2266.625417
563,6.571844242,0.374585287,-0.000934906,,1147.120433,292.9720988,677.7544989
564,6.973460963,0.45308162,0.001003182,,2770.190645,472.4632801,1452.82696
565,8.329068156,1.091995254,0.003541543,,35201.90417,915.0820319,30674.66408
566,7.398690996,0.342811713,0.001059455,,3214.586341,834.8266047,1873.244146
567,6.848094593,0.202047325,-0.000170426,,1610.750896,616.7360433,873.882219
568,8.214492815,0.807471516,0.002727144,,13599.27121,724.5315128,12602.2499
569,7.604228367,0.332095191,0.000991229,,4029.540491,832.3214076,4015.46519
570,6.241638743,0.41103947,-0.001323557,,1217.346919,231.6320998,296.7124737
571,6.68381704,0.294913504,-0.000468178,,1440.005711,422.6794471,873.882219
572,8.000766957,0.380023696,0.001098397,,5461.024875,1000,4278.888688
573,6.878690335,0.25538435,0.000522459,,1978.939996,614.450465,1200.683438
574,8.085825659,0.561250653,0.00186001,,10058.90392,973.6284683,9172.177911
575,6.369861563,0.25594356,-0.000406504,,1222.269632,326.980087,873.882219
576,7.299857863,0.240852213,0.000220655,,2408.850622,839.8955334,1279.450957
577,7.635268445,0.59169636,0.001791234,,6264.720928,702.2665759,6264.720928
578,7.232128284,0.505663373,0.001462043,,4239.939546,730.4343009,3318.566273
579,7.562587689,0.512180673,0.001667546,,4699.509232,751.7019326,4015.46519
580,6.842572125,0.254775925,-0.000682117,,1517.50539,487.5882745,560.127685
581,6.515921319,0.346749738,0.000308685,,1455.637056,346.4989162,462.9154421
582,8.099092278,0.900755799,0.002818013,,13454.96038,564.4980524,4858.71288
583,7.207372394,0.29097145,0.000898681,,2567.096003,739.6965338,1873.244146
584,6.682864891,0.397587151,-0.000334299,,1805.535354,330.1608934,1757.920621
585,7.218671236,0.233078888,0.000668921,,2225.738937,867.5283446,1548.135658
586,6.90185931,0.205462936,-2.24E-05,,1466.709082,634.9795251,931.2108473
587,7.282465262,0.624340891,0.001960696,,5617.976212,473.3973605,4559.593357
588,7.922690686,0.531788554,0.001635657,,6578.540299,779.1214632,3768.258972
589,6.826004721,0.23745452,0.000437136,,1714.945393,515.2882761,931.2108473
590,7.222987648,0.720381335,0.002028968,,5288.208225,453.3473995,4559.593357
591,7.07127847,0.315183018,0.000768585,,2716.426236,622.5758974,1649.69682
592,6.429973944,0.320271156,-0.000806687,,1166.890179,288.5778975,931.2108473
593,6.098054576,0.332373995,-0.000312411,,1060.26293,236.4298214,462.9154421
594,6.566893063,0.271980586,-0.000678333,,1413.392556,369.4597426,769.5957416
595,7.638950091,0.826784982,0.002690861,,11479.48627,509.3169903,11098.33527
596,8.780640996,0.914150287,0.002851963,,18329.7624,1000,14309.95718
597,8.122451682,0.663762295,0.002215034,,11802.57132,855.2877345,11098.33527
598,6.515350029,0.224077801,-0.00017354,,1201.510288,424.5982834,722.21671
599,7.440585581,0.508756625,0.001632892,,5879.042584,722.7758349,5879.042584
600,7.710932604,0.773685116,0.002503022,,9458.709047,696.2475439,9172.177911
601,7.239047238,0.265952652,0.000650604,,2904.900474,862.2926466,2573.771581
602,6.943309558,0.220515116,-0.000102675,,1617.402686,606.4569955,931.2108473
603,7.673862245,0.396286808,0.001047458,,3777.089534,818.5891427,2127.083952
604,7.067850732,0.241844429,0.000363715,,1914.960329,663.0624362,1057.397485
605,7.300429152,0.375246659,0.001024054,,2644.789915,622.5226902,2266.625417
606,7.17944267,0.216221477,4.80E-05,,2288.283585,852.8304622,1126.765125
607,7.595595543,0.335635417,0.000460701,,5296.273874,940.3319809,5177.455312
608,6.528680124,0.40083436,0.000458622,,1419.411286,304.2330685,1200.683438
609,7.536371835,0.359251373,0.001134941,,3760.662952,886.0102454,3536.271643
610,7.031034279,0.198650592,0.000314052,,1798.186684,668.4073042,1200.683438
611,7.289574646,0.323249433,0.000177381,,2523.172289,695.1872346,1279.450957
612,6.983934609,0.418394389,0.0012754,,3252.274489,573.9678051,2573.771581
613,7.842392732,0.433407261,0.001378356,,7801.357249,973.6284683,7113.641527
614,7.136468983,0.263144466,-0.000664214,,2307.572601,649.5795681,873.882219
615,7.772441472,0.36782014,0.000891897,,4506.948272,977.5656311,4015.46519
616,7.81255871,0.556760222,0.001526664,,5330.380258,653.3840864,3318.566273
617,7.270087317,0.509245627,0.001192498,,7099.301916,733.8756837,6675.700634
618,7.681733348,0.571331013,0.001715426,,5623.526961,755.8928105,2573.771581
619,7.806084092,0.624439885,0.002072954,,11398.94285,866.1701782,11098.33527
620,6.812801579,0.181290925,-5.68E-05,,1522.137961,581.3950235,873.882219
621,7.194486635,0.772599904,0.00252188,,6201.833151,405.5085014,5177.455312
622,7.79554697,0.536987968,0.000832905,,4899.459876,690.3095988,1649.69682
623,7.534911873,0.283218729,0.000181035,,3414.607321,939.4038183,2742.616754
624,6.9111269,0.220115897,0.000341717,,1912.207476,650.8360022,992.3003618
625,6.896717702,0.32586577,0.000807673,,2526.097025,596.6947962,1757.920621
626,6.920457966,0.308833871,0.000172713,,3007.760936,643.7216999,2742.616754
627,8.002544303,0.572588986,0.00168842,,6712.632046,757.0457088,5177.455312
628,8.034600008,0.390509807,0.000413361,,6650.960979,969.7071624,1757.920621
629,7.694809537,0.984554206,0.003103565,,19661.37793,707.9879706,19661.37793
630,6.496687896,0.258076921,0.000308534,,1138.142102,373.1742399,1057.397485
631,7.760571339,0.396143955,0.001238487,,4858.71288,943.2025834,4858.71288
632,7.043539177,0.284451978,-0.000485956,,2440.392148,698.1177569,1126.765125
633,6.827083824,0.32846912,-0.000671441,,1930.314108,511.7165965,1200.683438
634,7.268119541,0.343333065,0.000331066,,2611.337944,603.9628584,769.5957416
635,7.688461873,0.362202771,0.000997268,,5285.597695,869.6356376,4858.71288
636,7.537450938,0.230910585,0.000630531,,3408.452383,944.1344993,3318.566273
637,6.998343807,0.3212662,-0.000635822,,2143.772023,529.5971945,1057.397485
638,7.473847342,0.401031729,0.001211099,,4298.313543,730.0425234,4015.46519
639,6.915379835,0.3134148,0.000804285,,1781.894601,500.1938059,1649.69682
640,8.036567784,0.437797738,0.00131094,,5799.201222,969.7071624,4559.593357
641,7.399516193,0.296904674,-0.000115447,,3030.120902,745.1141538,2266.625417
642,7.919326424,0.497780987,0.001478076,,6324.311625,951.3158781,5879.042584
643,7.652089756,0.522482346,0.0017197,,6662.243819,827.3335441,6264.720928
644,7.124408421,0.375010689,0.000750792,,2636.62792,584.8501752,1200.683438
645,7.33489697,0.322184825,0.000668253,,2813.641362,652.3890534,1757.920621
646,7.951762989,0.479700016,0.001560364,,6515.440336,971.6658372,4559.593357
647,8.383277209,0.787146848,0.002555858,,23742.3111,1000,22325.65443
648,6.607708545,0.174727357,-8.24E-05,,1217.00598,381.803555,382.5747456
649,7.663388598,0.652950335,0.002011628,,9917.82288,663.005769,8077.597767
650,6.796297652,0.260766655,-0.000286067,,1661.747766,515.5648057,722.21671
651,7.488764353,0.264760578,0.000787808,,2959.597641,906.8298789,2415.321114
652,7.09133709,0.499770088,0.00137761,,3848.867231,542.2167887,3536.271643
653,9.147282087,0.888162775,0.002849674,,29895.23454,1000,19661.37793
654,8.648546101,1.11447261,0.00376894,,32833.97652,940.3319809,20951.2083
655,7.412465428,0.423511011,0.00128166,,3397.933675,758.949493,1873.244146
656,7.74978031,0.763154413,0.002492393,,12450.59498,710.0885925,11826.41089
657,8.169297445,0.33733281,0.000743614,,6188.802596,1000,5177.455312
658,7.138690666,0.25853817,0.000615515,,2193.532268,700.4750436,2127.083952
659,7.769775452,0.474029489,0.001347584,,6408.491388,940.3319809,6264.720928
660,8.574913195,0.614569125,0.001851825,,12311.86635,869.6356376,8077.597767
661,7.098192567,0.344278434,-0.000341484,,2886.751981,658.791685,1126.765125
662,6.739295626,0.328594638,-0.000116679,,1913.769646,434.3239224,931.2108473
663,6.965843766,0.260291952,0.000363908,,2043.960359,641.3361147,1363.385802
664,7.077499181,0.250530475,-8.80E-05,,2127.77077,596.873314,596.873314
665,7.682241161,0.732529268,0.002335688,,6675.700634,768.9529057,6675.700634
666,6.37728833,0.421801771,-0.000924832,,1260.56004,232.4241682,560.127685
667,8.013335333,0.41757808,0.000954043,,6223.306321,943.2025834,2266.625417
668,8.004131219,0.502695794,0.001580233,,8279.662401,924.8176763,7113.641527
669,6.846317247,0.226797163,-7.95E-05,,1661.211374,481.3799912,769.5957416
670,7.393739818,0.693789506,0.002188622,,4754.200429,546.0480204,2922.538548
671,5.5745627,0.629945521,-0.001819379,,1039.596282,113.0188727,129.8970235
672,6.651507429,0.327283796,-0.00090751,,1485.850695,315.5401281,316.1774757
673,6.843206891,0.236306427,0.000559057,,1548.135658,477.2337541,1548.135658
674,7.479306333,0.350533038,0.001008374,,3626.523259,805.4810697,2742.616754
675,7.155131116,0.241532308,-0.000407779,,1935.416479,635.6883962,931.2108473
676,7.871972848,0.364581787,0.000648831,,4598.814331,850.1259109,4559.593357
677,7.016561604,0.311686077,0.000602984,,1960.125942,566.549399,1757.920621
678,7.417099223,0.306829899,0.000831014,,2764.488383,876.2878009,2127.083952
679,7.114188681,0.228833419,0.000599852,,2107.721893,711.1716295,992.3003618
680,7.448901021,0.462879562,0.001387147,,5401.330295,886.0102454,2922.538548
681,8.413682521,0.793629826,0.002512337,,13931.98631,1000,11098.33527
682,8.424727457,0.902019956,0.002999469,,26527.88317,855.2877345,22325.65443
683,7.323471174,0.425768346,0.001045982,,3991.231096,849.3593757,3768.258972
684,8.348745915,0.753288899,0.002432355,,13212.81794,969.7071624,8077.597767
685,8.410953026,0.607539877,0.001923501,,15317.94694,971.6658372,10415.08256
686,7.375458545,0.20627768,-5.68E-05,,2699.91671,969.7071624,1363.385802
687,7.274213299,0.318749709,0.000743051,,2977.567827,781.1475216,2573.771581
688,8.402383679,0.991968592,0.0033483,,27163.48935,940.3319809,20951.2083
689,7.091908379,0.450740141,0.001276364,,3311.876738,438.9259786,3114.263614
690,6.640018156,0.265332911,-0.000636095,,1338.44917,428.2872202,722.21671
691,6.154929649,0.332019904,-0.000832063,,1237.157531,242.6043945,462.9154421
692,6.900780207,0.195121177,0.000195075,,1873.244146,573.1671898,1873.244146
693,8.072432087,0.700162778,0.002393432,,12736.32643,905.4488756,11098.33527
694,6.477200566,0.427127534,-0.001400143,,1418.346882,264.8785971,462.9154421
695,7.611591658,0.347658758,0.000382374,,3673.852008,859.1704809,1200.683438
696,7.448075825,0.247900952,0.000454203,,3193.744873,913.2374182,2742.616754
697,7.788881922,0.55761804,0.001691352,,5620.270535,811.1724918,4559.593357
698,8.423140541,0.668132419,0.002223043,,18988.99124,887.7998639,17315.04818
699,6.71181024,0.796263136,0.002462437,,4350.669304,250.5219088,3768.258972
700,7.319154762,0.710278718,0.002265334,,4902.717659,475.3319988,3768.258972
701,7.528881591,0.302218084,0.000469464,,3848.867231,894.5527441,3318.566273
702,7.952080372,0.29113851,-1.00E-05,,4398.376228,971.6658372,1757.920621
703,7.715756829,0.639591948,0.001914428,,6142.084007,699.8135385,4278.888688
704,8.095918445,0.631562478,0.00205196,,10257.99308,971.6658372,5879.042584
705,6.489515035,0.579900459,-0.00168302,,1517.50539,229.1740989,336.9194253
706,7.465404948,0.422920017,0.000902466,,4259.369597,869.6356376,3768.258972
707,7.565507615,0.43355715,0.001305482,,3972.854442,689.2583323,2573.771581
708,6.172830062,0.266490395,-0.000184955,,1076.407648,258.1040277,722.21671
709,6.883070223,0.318615219,0.000459519,,2332.721116,538.3894304,2127.083952
710,6.900018487,0.195297181,0.000150319,,1560.348259,592.2157196,992.3003618
711,7.653994055,0.505750836,0.00162555,,8858.504558,922.9534376,8607.506248
712,8.003559929,0.71300367,0.002363762,,12995.9336,911.885624,12602.2499
713,6.941024399,0.215059106,-6.44E-05,,1590.513642,510.1592058,1126.765125
714,8.320943146,0.633995627,0.00209402,,10728.92255,971.6658372,9172.177911
715,6.748944076,0.351125216,0.000297491,,1460.427384,359.6704106,1279.450957
716,8.122515159,0.491525101,0.001451437,,7816.446841,940.3319809,3536.271643
717,7.304491658,0.235497143,-0.000254526,,3082.342725,925.5908133,1057.397485
718,6.581619645,0.246260661,-0.000404669,,1226.105707,384.6583546,769.5957416
719,7.476322931,0.662395662,0.002096254,,4103.211824,504.7024332,3536.271643
720,7.079911294,0.601984037,0.001734492,,4636.082941,462.5683058,4278.888688
721,7.728706064,0.358640114,0.001066273,,5317.690968,900.4288176,5177.455312
722,7.928911397,0.547030638,0.001759014,,6142.084007,940.3319809,5177.455312
723,8.123911645,0.40280587,0.000719361,,6055.420722,886.0102454,4015.46519
724,6.561116689,0.523881937,-0.001585801,,1687.123442,280.262864,407.6725046
725,7.439189095,0.746979525,0.002367278,,8876.397516,601.5560932,8607.506248
726,7.493842484,0.397735868,0.000968091,,3169.229324,734.4752206,1757.920621
727,7.661928636,0.320987024,0.000978297,,4078.622452,1000,2742.616754
728,8.157109929,0.642441568,0.001651796,,10345.78876,1000,4559.593357
729,7.104095895,0.619131945,0.00170748,,4506.948272,553.5421623,3768.258972
730,6.804232232,0.418339854,0.000929818,,2415.321114,440.3035414,2415.321114
731,7.429794551,0.334881879,0.000187216,,3677.32475,963.1091771,2573.771581
732,6.982728553,0.288530035,-0.000556737,,2100.858188,503.316926,677.7544989
733,7.193597962,0.151628468,-0.000113734,,2300.549588,942.2313219,1363.385802
734,7.047538206,0.274605124,-0.000484759,,2227.557245,620.4277342,1057.397485
735,7.590453935,0.390038873,0.00111482,,3893.492577,831.4998578,3536.271643
736,7.396850174,0.432963354,0.000890334,,3950.827842,709.7077277,1057.397485
737,7.618066275,0.330871369,0.000917138,,3595.594466,1000,3318.566273
738,8.079414518,0.509176055,0.001562609,,7084.688452,969.7071624,4559.593357
739,7.441664684,0.379162705,0.00118182,,4082.477807,899.5400418,2266.625417
740,7.638315324,0.449163338,0.001287272,,3891.237966,792.1916369,2573.771581
741,7.393105052,0.668891959,0.002143645,,5177.455312,619.7093978,5177.455312
742,7.027733493,0.485040087,0.001247541,,4278.888688,467.0481324,4278.888688
743,6.818260571,0.593899757,0.00159484,,2998.606926,362.3906885,2415.321114
744,7.925356705,0.476529384,0.001503253,,7262.225358,862.6447981,6675.700634
745,7.882446494,0.535812344,0.001467959,,5308.685195,742.289372,4278.888688
746,7.074515779,0.292358012,-0.00049985,,3071.313507,651.8565218,992.3003618
747,7.918120368,0.537482854,0.001692053,,6327.705568,811.1724918,5879.042584
748,7.952016895,0.513141142,0.001583819,,6414.823193,942.2313219,5177.455312
749,8.255308297,0.683386269,0.002198568,,12213.41545,969.7071624,5177.455312
750,6.919505816,0.342628223,0.000800346,,1827.449647,508.584821,1548.135658
751,7.529643311,0.527805279,0.00170248,,4952.643794,706.879574,3536.271643
752,6.837620947,0.309378949,0.000450261,,1768.518848,538.1466502,1126.765125
753,7.239491575,0.318297501,-0.000629939,,3074.479448,708.1392601,769.5957416
754,7.320106912,0.317542923,0.000783491,,2710.834644,652.4169328,1757.920621
755,7.262216213,0.153129441,0.000233306,,2023.269338,951.7857281,1452.82696
756,7.283290459,0.445277639,0.001376394,,3720.915082,640.3320654,2415.321114
757,8.049072683,0.780937875,0.002561737,,10331.35764,812.8109484,9172.177911
758,8.071352984,0.860518406,0.002889869,,16875.08053,827.7067884,13428.98568
759,8.680284423,0.763599549,0.002469759,,25606.93137,969.7071624,17315.04818
760,6.98279203,0.22836296,0.000543194,,2127.083952,647.8117021,2127.083952
761,7.377553274,0.407002334,0.000862297,,4064.028353,780.7619074,2415.321114
762,7.157606705,0.456529406,0.00136531,,3872.236915,580.3855999,3114.263614
763,7.113173055,0.267691397,0.000787,,2115.200421,631.6899103,1452.82696
764,7.001009826,0.222842955,-0.000185138,,2064.421834,614.5555039,992.3003618
765,7.75016117,0.603075708,0.001856122,,5715.286192,594.8787774,5517.107962
766,8.528765676,0.74513183,0.002501189,,15202.31345,1000,11098.33527
767,6.887259682,0.301483053,-0.00057121,,1635.208065,469.7322985,525.6442467
768,6.884593663,0.195281942,0.00023875,,1584.37862,621.2943642,1057.397485
769,7.414941017,0.766109585,0.00240151,,11098.33527,655.0831723,11098.33527
770,7.975312823,0.626048945,0.001814333,,9957.928614,969.7071624,7580.312323
771,7.103207222,0.211578308,0.000478667,,1969.996809,711.1716295,1279.450957
772,7.504062224,0.430522109,0.000674305,,6733.124062,947.9523942,5879.042584
773,7.634697156,0.550711964,0.001298019,,10740.44099,891.3899527,10415.08256
774,7.026146577,0.417171427,0.001308791,,3422.235497,569.0727224,3318.566273
775,6.500877354,0.209631708,-6.61E-05,,1172.766443,402.1360371,677.7544989
776,7.766474667,0.706763625,0.002135456,,5769.650607,621.5746558,3768.258972
777,7.251932997,0.60017101,0.001841329,,5336.330926,610.3884764,4559.593357
778,7.448139301,0.432253616,0.001313736,,3595.440818,674.8229386,2415.321114
779,7.537006602,0.381231577,0.001051913,,4170.164034,808.0090603,3768.258972
780,7.187504204,0.163008336,6.66E-05,,1941.241872,904.5938002,1548.135658
781,8.311865986,1.020790814,0.003472008,,21670.73729,922.0424287,17315.04818
782,7.408402923,0.286661655,0.000872881,,3021.415257,820.2425799,2266.625417
783,7.897553935,0.617045594,0.002053572,,11398.94285,880.2282654,11098.33527
784,6.301624171,0.308971531,0.000175472,,1036.786691,254.2328022,873.882219
785,7.954048148,0.555344477,0.001753638,,8032.81334,878.4539096,5517.107962
786,7.550146267,0.504436786,0.00161052,,4045.662275,806.3113677,3536.271643
787,7.345307139,0.411305898,0.001177638,,3211.550594,757.1104137,3114.263614
788,7.136088123,0.522143243,0.001573059,,4683.093711,605.8324972,4015.46519
789,7.293446722,0.481832667,0.001495557,,3523.618179,602.7453958,1649.69682
790,7.563285932,0.312522882,0.000826275,,3648.542907,862.6816625,2922.538548
791,7.040746205,0.19557366,0.000225408,,2127.083952,727.5857343,2127.083952
792,6.937914043,0.231177428,0.000208518,,2276.915207,561.5122729,1757.920621
793,8.134448768,0.461818708,0.001509222,,9773.893298,1000,9773.893298
794,7.737275411,0.654370652,0.002133776,,9773.893298,850.1259109,9773.893298
795,7.595341637,0.546260343,0.001708497,,7606.883386,947.0167099,6264.720928
796,6.456380227,0.464557966,-0.001358112,,1393.569035,277.3006597,462.9154421
797,7.185726858,0.395642063,0.000351559,,3311.452183,558.9985849,560.127685
798,7.172587193,0.598929729,0.001524126,,3977.119652,392.0612406,2922.538548
799,7.68700191,0.792435381,0.002476471,,15693.38119,820.2425799,15248.72238
800,7.09927167,0.391228657,0.001156834,,3153.753866,547.9620678,2742.616754
801,6.830828946,0.184700414,0.000128257,,1415.790267,603.1977285,1200.683438
802,7.241713257,0.384292577,0.001162198,,3704.099595,736.3222455,1996.133152
803,7.708393538,0.283877461,-0.000357918,,4609.197272,969.7071624,1996.133152
804,8.368994965,0.97701322,0.003311429,,24091.93851,762.771436,22325.65443
805,6.790902137,0.15394626,-0.000210192,,1317.016575,543.8952853,769.5957416
806,7.460580723,0.202465568,0.000214935,,3413.067546,1000,1757.920621
807,7.20838802,0.405988222,0.000667104,,3360.216367,696.6509548,1548.135658
808,6.65639513,0.343651089,-0.00086021,,1427.846655,318.8835622,382.5747456
809,7.897300029,0.628970086,0.002117481,,9544.783311,969.7071624,6264.720928
810,8.014858772,0.602203365,0.002005105,,7059.941431,874.0523279,5879.042584
811,6.891322187,0.259880988,7.11E-05,,1658.004418,597.6559609,1452.82696
812,7.408085539,0.253474491,0.000785009,,2998.606926,917.3832387,1996.133152
813,7.188265924,0.348107102,0.000321299,,2833.885458,595.8879432,1996.133152
814,8.183452736,0.619173031,0.001856971,,10124.97812,919.2362264,7113.641527
815,7.237269892,0.454877631,0.001068946,,4140.904951,640.6756998,4015.46519
816,5.949900091,0.584109944,-0.001950079,,1370.518316,123.4458517,157.1753984
817,8.338653129,0.587093136,0.001665367,,9927.197792,911.846657,5879.042584
818,7.648344634,0.568807987,0.00187387,,6062.698938,665.0297627,5879.042584
819,7.75733403,0.482374793,0.001563802,,5206.098109,840.7613062,4278.888688
820,7.454613919,0.447418217,0.001292699,,3619.212948,643.9295523,2922.538548
821,6.872660054,0.27840637,0.00018168,,1800.852346,549.4104877,820.0829436
822,7.568935353,0.46851554,0.001489522,,6648.814131,844.9952399,6264.720928
823,7.405927334,0.313216488,0.000592797,,3326.627325,849.7062453,1279.450957
824,7.197914374,0.315882526,0.000857602,,2777.275674,725.3093614,1996.133152
825,8.273145233,1.009199201,0.00340919,,36009.76042,975.1134601,30674.66408
826,7.492953811,0.546062457,0.001580209,,6655.383383,838.3099443,4858.71288
827,7.708837875,0.448414269,0.001330822,,5547.392727,903.1776056,2266.625417
828,7.558334754,0.602046065,0.001758804,,5849.085127,742.7194599,3768.258972
829,8.192910756,0.491159924,0.001527425,,8291.227656,969.7071624,4858.71288
830,8.026982811,0.48310113,0.001291145,,5804.186884,995.4808195,4278.888688
831,8.466241182,0.607694553,0.001814097,,10476.97798,971.6658372,9172.177911
832,6.974603543,0.470174894,-0.001175088,,2476.434994,376.4485738,382.5747456
833,6.410359661,0.418361108,-0.000396068,,1520.635522,253.9927133,873.882219
834,7.031034279,0.342262841,0.000287769,,2037.47842,526.8085035,992.3003618
835,7.968457346,0.390172258,0.000529369,,5842.313008,969.7071624,3318.566273
836,6.832860198,0.48311792,-0.001402447,,1828.039716,306.586461,434.4167328
837,7.010912183,0.292941476,0.000598755,,2089.656893,596.7457958,1452.82696
838,7.516440169,0.257979067,0.000496948,,4532.075347,911.846657,4278.888688
839,7.48844697,0.552202953,0.001559135,,4647.344343,718.7685666,2415.321114
840,7.878257036,0.679708755,0.002280436,,8316.894137,797.7891576,6264.720928
841,7.248886118,0.276350191,0.00054674,,2539.963394,772.5097393,1057.397485
842,7.936845977,0.481148445,0.001422102,,6176.327266,893.1904375,2742.616754
843,7.74882816,0.415696042,0.001135604,,6062.698938,885.1357015,5879.042584
844,6.729710653,0.236543801,-0.000249533,,1676.113508,505.7867001,931.2108473
845,7.202802075,0.195388325,0.000305526,,2280.929357,800.6198387,1757.920621
846,7.344418466,0.495193165,0.001424096,,4463.718581,554.065403,2415.321114
847,8.411206932,0.720286081,0.002385066,,21968.15359,942.2313219,19661.37793
848,5.808728037,0.560743852,-0.00132893,,1186.465378,140.58366,359.0220932
849,7.076102695,0.314936959,0.000547486,,2337.432892,557.7525751,2266.625417
850,7.682558545,0.780481086,0.002574678,,10632.62415,668.0773443,9773.893298
851,7.36136673,0.466978558,0.001399888,,2998.606926,585.6921376,2127.083952
852,8.064751414,0.725583455,0.00240866,,20740.89169,1000,18450.95407
853,7.548051538,0.178631286,0.000276239,,2960.42676,1000,1873.244146
854,7.507045626,0.381738482,0.001045436,,4683.093711,906.8686316,4278.888688
855,6.94686425,0.400011924,-0.000440102,,2328.770538,431.3318726,1757.920621
856,7.669926693,0.747249151,0.002472788,,7723.044101,539.4538497,7580.312323
857,7.947129194,0.46448357,0.001069091,,6292.623026,946.0415208,2127.083952
858,6.462600939,0.537977536,-0.001559394,,1655.055047,267.2775707,382.5747456
859,7.423129504,0.578194817,0.001722279,,6016.932292,574.8677943,5517.107962
860,7.484701848,0.239251263,0.000670443,,2999.959721,1000,2415.321114
861,8.839928181,1.012370757,0.003323015,,25350.96205,959.0253045,25350.96205
862,7.436523076,0.734712262,0.002372845,,5151.293015,498.650175,3536.271643
863,7.978804039,0.716598571,0.00237154,,9753.357554,892.7495131,7580.312323
864,7.947446577,0.550010186,0.001680511,,6777.06251,893.1904375,3114.263614
865,7.969663402,0.425110688,0.001330758,,8313.143734,942.2313219,8077.597767
866,7.05483802,0.324598246,-0.000284388,,2441.701785,620.0949601,1279.450957
867,8.419966709,0.896431563,0.003007908,,17446.00625,689.5987534,11826.41089
868,6.734915738,0.43526643,0.000265365,,2799.902253,395.2553796,2742.616754
869,6.533821732,0.253134126,-0.000402686,,1307.72012,314.7217133,769.5957416
870,7.166112575,0.283708828,0.000796469,,2631.31303,715.105984,1363.385802
871,7.888730682,0.472043906,0.001468281,,8279.662401,754.741668,7580.312323
872,7.861689632,0.512995303,0.001708815,,7580.312323,892.7495131,7580.312323
873,7.571157036,0.356359103,0.001034436,,3743.347892,796.215006,3536.271643
874,8.386768425,0.933602158,0.00312743,,17245.31152,832.7324868,15248.72238
875,6.917982377,0.316302944,-0.000902429,,2161.052716,493.5273609,525.6442467
876,8.296568115,0.992742198,0.003388653,,20326.57099,734.8379741,16249.07267
877,8.441802674,0.934012221,0.003150466,,18255.93896,802.6332012,13428.98568
878,5.773181116,0.429369731,-0.000823783,,1000,154.0853946,596.873314
879,6.680135395,0.278529378,0.000171085,,1355.099601,466.8375227,992.3003618
880,7.562333782,0.247569365,-9.64E-05,,3521.276787,1000,1873.244146
881,7.986738619,1.061552066,0.003583775,,17499.26462,648.7997536,15248.72238
882,7.671767515,0.818056591,0.00262968,,8655.124825,713.7254772,6675.700634
883,7.646503811,0.63885355,0.001923313,,8258.540389,979.5401789,3536.271643
884,7.52399389,0.37241088,0.001028347,,3474.346181,747.9354544,2922.538548
885,7.480195006,0.602074583,0.002021538,,5453.40741,687.8689319,4559.593357
886,7.41468711,0.356663072,0.000967445,,3554.079717,975.1134601,2266.625417
887,7.546782005,0.356992592,0.000780768,,3286.454395,849.286787,2127.083952
888,6.768558359,0.328147213,-0.000538157,,1824.432733,444.3482795,636.0295385
889,7.934116482,0.455259694,0.000121783,,6573.888026,1000,1757.920621
890,7.063851703,0.353605355,0.000800693,,2146.165262,530.3142875,1200.683438
891,7.347211439,0.452659898,0.001309419,,4912.83041,866.7090801,4278.888688
892,8.810919355,0.673502737,0.001914945,,19046.14605,1000,15248.72238
893,7.443505506,0.27168179,0.000144596,,3129.277832,834.8266047,2127.083952
894,7.151322518,0.202595414,0.000291423,,2271.106634,810.945309,1757.920621
895,7.770918032,0.532172676,0.001696246,,6999.730741,799.0059568,5879.042584
896,7.794848727,0.609478064,0.002014871,,6709.318348,710.7901839,5879.042584
897,7.007801827,0.310161679,-0.000709439,,2361.695446,630.4973803,769.5957416
898,7.339149905,0.357138603,0.001105691,,3179.04005,732.3024569,1649.69682
899,6.222659227,0.337165968,-0.000322771,,1009.143124,271.4698462,769.5957416
900,8.082334444,0.920908713,0.003067952,,13612.70775,927.6409175,9773.893298
901,6.794329876,0.678090181,-0.001752243,,3199.375373,326.5239895,677.7544989
902,7.549321071,0.389907337,0.000927779,,4561.845316,807.9054803,4015.46519
903,7.362191926,0.311734171,0.000578837,,2738.440047,842.1156168,2266.625417
904,7.184266895,0.829876077,0.002605512,,7113.641527,351.2243616,7113.641527
905,7.685986283,0.708992069,0.002207849,,5708.912942,598.4907827,4858.71288
906,7.518090562,0.30153431,0.000819733,,3180.338337,932.3123624,2922.538548
907,7.211307945,0.258151078,-4.24E-05,,2796.540995,821.0530072,1200.683438
908,6.959051765,0.268638118,0.000263279,,1983.746993,452.9386287,992.3003618
909,7.792500091,0.773023669,0.002359854,,12195.85804,969.7071624,11826.41089
910,8.601002096,1.045189007,0.003471381,,29312.51656,987.478334,15248.72238
911,6.515286552,0.238155783,0.000157923,,1048.200286,356.5877241,636.0295385
912,8.271939177,0.708678228,0.002403233,,13591.97707,1000,9773.893298
913,7.117172083,0.558581372,0.001677366,,3211.276125,465.8168457,2266.625417
914,7.096097838,0.174004481,0.00017527,,1931.76272,762.3948931,1873.244146
915,8.370010591,0.700646776,0.002193233,,11969.43988,1000,7580.312323
916,7.879653522,0.739627294,0.002460589,,12189.31664,839.0665075,9773.893298
917,6.745198954,0.318641496,0.000124011,,1685.818317,469.208489,1057.397485
918,7.650058503,0.569516929,0.001625235,,5346.424124,740.8247294,3536.271643
919,6.964193373,0.315897512,-0.000645504,,2075.576554,590.8059146,1126.765125
920,7.185917288,0.318359352,0.000923553,,3058.217713,766.6781483,2573.771581
921,7.371269086,0.313120127,0.000846922,,3663.2969,934.1955048,2922.538548
922,7.213275721,0.222048987,0.000584931,,2037.739641,741.158946,1279.450957
923,7.104857615,0.230641735,0.000446277,,2297.438776,781.4665342,931.2108473
924,7.122186738,0.226230373,0.0003537,,2528.700951,773.6218603,2266.625417
925,7.774282294,0.490633666,0.001359683,,5699.975304,935.6203529,4015.46519
926,7.818081178,0.365006895,0.001154135,,6492.959175,1000,4278.888688
927,8.030474026,0.565567269,0.001803893,,8607.506248,812.4097034,8607.506248
928,7.340038578,0.253201821,0.000716283,,2490.773718,687.8689319,2415.321114
929,7.084354659,0.314460325,0.000629239,,2828.293799,585.1140253,2742.616754
930,6.864344614,0.169265656,9.90E-05,,1441.798115,591.3896507,1126.765125
931,7.57731427,0.381105789,0.001202781,,4153.368625,881.2109244,2573.771581
932,6.85475964,0.517091681,0.001094613,,2595.578025,363.4814451,873.882219
933,6.113606354,0.572562017,-0.001627853,,1207.016358,153.7879339,382.5747456
934,7.452455713,0.588292061,0.001766403,,6460.42555,689.6871656,6264.720928
935,7.215370451,0.338696811,0.000906298,,2680.858745,587.7702652,1996.133152
936,7.790659268,0.408509385,0.001015402,,5612.430941,897.7267575,3318.566273
937,7.826396618,0.64529568,0.002163014,,8300.48372,884.6987534,8077.597767
938,6.382366461,0.256184344,-0.000323105,,1165.688575,352.3567876,992.3003618
939,7.066454246,0.387077322,0.000865828,,2922.538548,488.4687551,2922.538548
940,6.619261294,0.230661992,0.000379009,,1417.310242,425.2458867,820.0829436
941,9.42765842,1.593975781,0.005462738,,152715.4535,789.3907547,140949.2528
942,7.338324708,0.267468094,0.000615784,,2992.562362,977.5656311,2415.321114
943,6.785189239,0.183034349,-0.000516399,,1392.881098,595.056752,820.0829436
944,7.276117598,0.231909472,0.000564172,,2810.864134,851.843048,1649.69682
945,7.075721835,0.37490331,0.00114017,,2890.221666,610.3884764,1873.244146
946,7.340482914,0.212748242,-0.000121179,,2351.122987,731.3747402,769.5957416
947,6.771287855,0.452641671,-0.001169027,,1991.683764,355.0520944,382.5747456
948,6.236497135,0.532651837,0.000729821,,1452.82696,159.8637007,1452.82696
949,8.068940872,0.663208832,0.001740867,,9912.503334,1000,8607.506248
950,6.600472208,0.468724966,-0.001156362,,2263.710873,391.9011922,596.873314
951,7.56823711,0.275815922,0.000806563,,3285.112789,1000,2742.616754
952,7.671450132,0.656480424,0.002155599,,6804.758407,755.9574169,4559.593357
953,6.056033039,0.543410775,-0.001562555,,1373.286575,173.8308473,434.4167328
954,6.698416668,0.203991738,-0.000322491,,1259.315794,536.0708795,820.0829436
955,7.344481943,0.383729916,0.000979928,,2813.641362,596.0803505,1548.135658
956,7.737402364,0.658128614,0.002054525,,6901.26118,860.4808998,5879.042584
957,7.207372394,0.303793541,0.000873229,,2415.321114,737.8410447,2415.321114
958,6.741390356,0.288927826,-0.000505988,,1935.08568,515.0339035,722.21671
959,6.281819459,0.278304119,-0.000509437,,1074.237835,302.1243012,596.873314
960,7.348036635,0.345633585,0.001002684,,3374.236973,698.0580937,3114.263614
961,7.255741596,0.525910057,-0.000985115,,3207.832234,316.1774757,316.1774757
962,7.710932604,0.378904172,-0.000120022,,5491.001786,963.378988,1279.450957
963,7.258217185,0.287508754,-0.000293399,,2686.044133,640.2074435,931.2108473
964,8.064116647,0.453478673,0.000973756,,7457.972562,969.7071624,3318.566273
965,6.833558442,0.390985866,-0.000916104,,2523.172289,394.5260594,407.6725046
966,7.799101662,0.318648353,0.00087132,,6164.403913,1000,5517.107962
967,7.803418073,0.337560147,0.00096759,,5264.309857,1000,4559.593357
968,6.245066482,0.277855788,-0.000561069,,1110.033719,253.4915495,462.9154421
969,7.229398789,0.305694169,0.000412614,,3067.160465,715.5508989,1548.135658
970,6.907381778,0.2916326,0.00041497,,1984.981213,522.6182522,1873.244146
971,8.204526982,0.879265658,0.002756596,,21967.21483,1000,13428.98568
972,6.924520471,0.204071543,-0.000297383,,1734.53266,672.5519782,1363.385802
973,7.738100608,0.587823115,0.001896946,,12602.2499,898.6137418,12602.2499
974,6.812547673,0.25298209,-0.00026067,,1471.850297,415.5538205,462.9154421
975,7.329882315,0.426683928,0.001354608,,3691.003336,746.0911806,2922.538548
976,7.482226259,0.705398216,0.002256198,,7952.176743,597.6304216,5517.107962
977,8.683267825,0.812955414,0.002676455,,19990.35365,940.3319809,15248.72238
978,7.579472476,0.461598563,0.001494484,,4718.311494,874.4840178,3318.566273
979,7.66751458,0.307959633,0.000506641,,3426.869322,785.0141549,1996.133152
980,8.377056498,0.566278103,0.001664832,,9631.640851,1000,6675.700634
981,7.055536263,0.159359595,0.000244273,,1734.120977,686.6290262,1452.82696
982,7.283671319,0.323755457,2.35E-05,,2939.655544,802.2369804,1057.397485
983,7.642949119,0.403498569,0.001122867,,4819.242687,833.1437691,3536.271643
984,6.120588785,0.46865275,-0.001336686,,1323.648851,210.231493,336.9194253
985,7.976645833,0.522013879,0.001292829,,6207.43022,814.050659,3318.566273
986,6.946800773,0.437053581,0.001096474,,2721.913042,351.601432,2266.625417
987,8.177739839,0.530576316,0.00160664,,8337.809085,969.7071624,6264.720928
988,7.981533534,1.043555406,0.003451321,,16977.54322,588.6415855,15248.72238
989,7.54989236,0.533368998,0.001710705,,6562.038382,839.9314257,5177.455312
990,7.393105052,0.442600137,0.001229563,,3278.350592,715.8737135,1996.133152
991,6.996185601,0.166876332,-0.000231778,,1651.044533,715.8125328,931.2108473
992,7.477021174,0.418462568,0.001287656,,3982.845196,920.2231076,3114.263614
993,8.067036573,0.705142792,0.002314675,,9700.111253,940.3319809,7580.312323
994,7.229652695,0.337498529,0.000939395,,3663.2969,823.9662321,2573.771581
995,7.475688164,0.373035939,-0.000108013,,4336.686854,928.8352617,1757.920621
996,7.013641678,0.403536208,0.000863495,,2922.538548,429.3275627,2922.538548
997,7.46083463,0.566635963,0.001719495,,5256.292886,731.9096775,4278.888688
998,8.074019003,0.662197494,0.002216561,,11531.59965,946.0415208,7113.641527
999,7.682875928,0.758585759,0.002535672,,9172.177911,643.9020357,9172.177911
1000,6.278074337,0.226036519,-0.000105791,,1000,341.7932273,769.5957416
